delete from bookgenres;
delete from bookauthors;
delete from genres;
delete from authors;
delete from bookorders;
delete from orders;
delete from books;
delete from phone;
delete from publishers;
delete from customers;
insert into customers values ('ttest123', 'password', 'Test', 'Tester', 'test@mail.com','123 Test Rd', '123 Test Rd');
insert into customers values ('joeb99', 'foodbasic', 'Joe', 'Basic', 'jbasic@mail.com','456 Park Way', '456 Park Way');
insert into customers values ('layson', 'h0rs3r4d1sh', 'Layla', 'Watson', 'layson@mail.com','369 Bronze Ave', '369 Bronze Ave');
insert into customers values ('marest', 'lasagna', 'Maria', 'Rest', 'maria_rest@mail.com','574 Law St', '65 Lake Dr');
insert into customers values ('poole_sara', 'oceanhorse12', 'Sara', 'Poole', 'sarapoole@mail.com','1200 Mountain Dr', '1200 Mountain Dr');
insert into customers values ('t_house', '1&knG4yQf7', 'Trey', 'Hughes', 't_hughes@mail.com','32 Airport Ave', '47 Park Way');
insert into publishers values ('Weatherhill Inc', '1480 Jefferson Ave', 'contact@weatherhill.com', '2391332089');
insert into publishers values ('Tryhard', '1925 Essex Dr', 'tryhard@mail.com', '5810105366');
insert into publishers values ('Moody Studios', '792 Cemetery Rd', 'askus@moody.com', '9736538697');
insert into publishers values ('Vision Glass', '2234 Baker Blv', 'vglass-contact@mail.com', '8082255611');
insert into publishers values ('Elf International', '1306 Riverwood Dr', 'elf_intl@mail.com', '6243793309');
insert into phone values ('Weatherhill Inc', '7373589248');
insert into phone values ('Weatherhill Inc', '7376084316');
insert into phone values ('Weatherhill Inc', '7377844809');
insert into phone values ('Tryhard', '8695533851');
insert into phone values ('Moody Studios', '4265561228');
insert into phone values ('Moody Studios', '7379137115');
insert into phone values ('Vision Glass', '9590833900');
insert into phone values ('Elf International', '3321164676');
insert into books values ('1209336773139', 'Strike the Shadow', '456', '35.99', '8', '12', 'Elf International', '12.99','30', 'Y');
insert into books values ('5268644133891', 'The Prey in the Storm', '577', '40.99', '26', '14', 'Elf International', '19.99', '27', 'N');
insert into books values ('8724650438752', 'Secret of the Quiet Man', '322', '28.50', '17', '23', 'Vision Glass', '9.99', '20', 'Y');
insert into books values ('4129437285186', 'The Stolen Clock', '423', '32.99', '10', '30', 'Vision Glass', '9.99','33', 'Y');
insert into books values ('4216632855280', 'The Faceless Grave', '287', '24.99', '20', '20', 'Vision Glass', '4.99','27', 'Y');
insert into books values ('3802097690461', 'Pale Fire', '427', '33.00', '56', '24', 'Moody Studios', '9.99', '25', 'N');
insert into books values ('4896420126597', 'Dangerous Thirst', '323', '28.99', '12', '28', 'Moody Studios', '9.99', '25', 'Y');
insert into books values ('2695219697626', 'Midnight Bridge', '280', '23.50', '39', '21', 'Moody Studios', '9.99', '25', 'N');
insert into books values ('4027301475421', 'Me and Time', '375', '29.99', '25', '15', 'Weatherhill Inc', '9.99', '30', 'N');
insert into books values ('2070156086412', 'Words From Other', '180', '15.99', '28', '12', 'Weatherhill Inc', '1.99', '35', 'N');
insert into books values ('7279061426000', 'The Fall of Dawn', '887', '49.99', '40', '20', 'Tryhard', '12.99', '22', 'N');
insert into books values ('7527440149107', 'Moons of Andromeda', '750', '44.99', '32', '8', 'Tryhard', '12.99', '24', 'N');
insert into books values ('1237317760445', 'Cheat the Truth', '456', '35.00', '14', '6', 'Tryhard', '10.99', '20', 'Y');
insert into orders values ('1360052216', '1200 Mountain Dr', '1200 Mountain Dr', 'hX0Epdq347', 'poole_sara');
insert into orders values ('1360052217', '369 Bronze Ave', '369 Bronze Ave', 'QKfCz6OI1m', 'layson');
insert into orders values ('1360052218', '32 Airport Ave', '32 Airport Ave', 'swuSUYC1qw', 't_house');
insert into orders values ('1360052219', '750 Private Lane', '750 Private Lane', 'yIFX7DUH6I', 'ttest123');
insert into bookorders values ('1360052216', '4896420126597', '1');
insert into bookorders values ('1360052216', '1209336773139', '1');
insert into bookorders values ('1360052217', '4129437285186', '1');
insert into bookorders values ('1360052217', '4027301475421', '1');
insert into bookorders values ('1360052218', '4216632855280', '10');
insert into bookorders values ('1360052218', '2070156086412', '8');
insert into bookorders values ('1360052219', '4129437285186', '1');
insert into authors values ('Gary Kemp', '12', '431.88');
insert into authors values ('Edgar Leonard', '14', '573.86');
insert into authors values ('Robin Duncan', '23', '655.5');
insert into authors values ('Philip Fox', '30', '989.7');
insert into authors values ('Thelma Jordan', '20', '499.8');
insert into authors values ('Polly Roffe', '24', '792');
insert into authors values ('Jasmine Webb', '49', '1305.22');
insert into authors values ('Melvin Mann', '15', '449.85');
insert into authors values ('Kenneth Fennimor', '15', '449.85');
insert into authors values ('Yvette Cobbet', '12', '191.88');
insert into authors values ('Celia Warren', '32', '1359.72');
insert into authors values ('Alec Jenning', '6', '210');
insert into genres values ('Fantasy', '50', '1797.74');
insert into genres values ('Mystery', '65', '2077.08');
insert into genres values ('Adventure', '34', '1573.66');
insert into genres values ('Thriller', '61', '1725.22');
insert into genres values ('Horror', '71', '1967.02');
insert into genres values ('Dystopian', '23', '655.5');
insert into genres values ('Sci-fi', '62', '2349.42');
insert into genres values ('Romance', '73', '2097.22');
insert into genres values ('Comedy', '21', '493.5');
insert into genres values ('Development', '15', '449.85');
insert into genres values ('Self-help', '27', '641.73');
insert into genres values ('Motivational', '12', '191.88');
insert into genres values ('Crime', '6', '210');
insert into bookauthors values ('1209336773139', 'Gary Kemp');
insert into bookauthors values ('5268644133891', 'Edgar Leonard');
insert into bookauthors values ('8724650438752', 'Robin Duncan');
insert into bookauthors values ('4129437285186', 'Philip Fox');
insert into bookauthors values ('4216632855280', 'Thelma Jordan');
insert into bookauthors values ('3802097690461', 'Polly Roffe');
insert into bookauthors values ('4896420126597', 'Jasmine Webb');
insert into bookauthors values ('2695219697626', 'Jasmine Webb');
insert into bookauthors values ('4027301475421', 'Melvin Mann');
insert into bookauthors values ('4027301475421', 'Kenneth Fennimor');
insert into bookauthors values ('2070156086412', 'Yvette Cobbet');
insert into bookauthors values ('7279061426000', 'Celia Warren');
insert into bookauthors values ('7527440149107', 'Celia Warren');
insert into bookauthors values ('1237317760445', 'Alec Jenning');
insert into bookgenres values ('1209336773139', 'Fantasy');
insert into bookgenres values ('1209336773139', 'Mystery');
insert into bookgenres values ('5268644133891', 'Fantasy');
insert into bookgenres values ('5268644133891', 'Adventure');
insert into bookgenres values ('8724650438752', 'Mystery');
insert into bookgenres values ('8724650438752', 'Thriller');
insert into bookgenres values ('8724650438752', 'Horror');
insert into bookgenres values ('8724650438752', 'Dystopian');
insert into bookgenres values ('4129437285186', 'Mystery');
insert into bookgenres values ('4129437285186', 'Sci-fi');
insert into bookgenres values ('4216632855280', 'Horror');
insert into bookgenres values ('4216632855280', 'Thriller');
insert into bookgenres values ('3802097690461', 'Romance');
insert into bookgenres values ('3802097690461', 'Fantasy');
insert into bookgenres values ('4896420126597', 'Romance');
insert into bookgenres values ('4896420126597', 'Horror');
insert into bookgenres values ('2695219697626', 'Romance');
insert into bookgenres values ('2695219697626', 'Comedy');
insert into bookgenres values ('4027301475421', 'Development');
insert into bookgenres values ('4027301475421', 'Self-help');
insert into bookgenres values ('2070156086412', 'Motivational');
insert into bookgenres values ('2070156086412', 'Self-help');
insert into bookgenres values ('7279061426000', 'Sci-fi');
insert into bookgenres values ('7279061426000', 'Adventure');
insert into bookgenres values ('7527440149107', 'Sci-fi');
insert into bookgenres values ('7527440149107', 'Thriller');
insert into bookgenres values ('1237317760445', 'Crime');
insert into bookgenres values ('1237317760445', 'Thriller');
